{
  "molding": "json",
  "remolder": [
    {
      "type": "add",
      "target": "overrides",
      "value": []
    },
    {
      "type": "add",
      "target": "overrides[]",
      "value": {
        "model": "portfolio:item/painting/aether",
        "predicate": {
          "portfolio:aether": 1.0
        }
      }
    },
    {
      "type": "add",
      "target": "overrides[]",
      "value": {
        "model": "portfolio:item/painting/alpha",
        "predicate": {
          "portfolio:alpha": 1.0
        }
      }
    },
    {
      "type": "add",
      "target": "overrides[]",
      "value": {
        "model": "portfolio:item/painting/ancestor",
        "predicate": {
          "portfolio:ancestor": 1.0
        }
      }
    },
    {
      "type": "add",
      "target": "overrides[]",
      "value": {
        "model": "portfolio:item/painting/anchor",
        "predicate": {
          "portfolio:anchor": 1.0
        }
      }
    },
    {
      "type": "add",
      "target": "overrides[]",
      "value": {
        "model": "portfolio:item/painting/aquaculture",
        "predicate": {
          "portfolio:aquaculture": 1.0
        }
      }
    },
    {
      "type": "add",
      "target": "overrides[]",
      "value": {
        "model": "portfolio:item/painting/beachside",
        "predicate": {
          "portfolio:beachside": 1.0
        }
      }
    },
    {
      "type": "add",
      "target": "overrides[]",
      "value": {
        "model": "portfolio:item/painting/best_friend",
        "predicate": {
          "portfolio:best_friend": 1.0
        }
      }
    },
    {
      "type": "add",
      "target": "overrides[]",
      "value": {
        "model": "portfolio:item/painting/beta",
        "predicate": {
          "portfolio:beta": 1.0
        }
      }
    },
    {
      "type": "add",
      "target": "overrides[]",
      "value": {
        "model": "portfolio:item/painting/bliss",
        "predicate": {
          "portfolio:bliss": 1.0
        }
      }
    },
    {
      "type": "add",
      "target": "overrides[]",
      "value": {
        "model": "portfolio:item/painting/blossoms",
        "predicate": {
          "portfolio:blossoms": 1.0
        }
      }
    },
    {
      "type": "add",
      "target": "overrides[]",
      "value": {
        "model": "portfolio:item/painting/boscage",
        "predicate": {
          "portfolio:boscage": 1.0
        }
      }
    },
    {
      "type": "add",
      "target": "overrides[]",
      "value": {
        "model": "portfolio:item/painting/bubbles",
        "predicate": {
          "portfolio:bubbles": 1.0
        }
      }
    },
    {
      "type": "add",
      "target": "overrides[]",
      "value": {
        "model": "portfolio:item/painting/caricature",
        "predicate": {
          "portfolio:caricature": 1.0
        }
      }
    },
    {
      "type": "add",
      "target": "overrides[]",
      "value": {
        "model": "portfolio:item/painting/cat",
        "predicate": {
          "portfolio:cat": 1.0
        }
      }
    },
    {
      "type": "add",
      "target": "overrides[]",
      "value": {
        "model": "portfolio:item/painting/cherry_moon",
        "predicate": {
          "portfolio:cherry_moon": 1.0
        }
      }
    },
    {
      "type": "add",
      "target": "overrides[]",
      "value": {
        "model": "portfolio:item/painting/death",
        "predicate": {
          "portfolio:death": 1.0
        }
      }
    },
    {
      "type": "add",
      "target": "overrides[]",
      "value": {
        "model": "portfolio:item/painting/distant_peaks",
        "predicate": {
          "portfolio:distant_peaks": 1.0
        }
      }
    },
    {
      "type": "add",
      "target": "overrides[]",
      "value": {
        "model": "portfolio:item/painting/dream_scenery",
        "predicate": {
          "portfolio:dream_scenery": 1.0
        }
      }
    },
    {
      "type": "add",
      "target": "overrides[]",
      "value": {
        "model": "portfolio:item/painting/drippy",
        "predicate": {
          "portfolio:drippy": 1.0
        }
      }
    },
    {
      "type": "add",
      "target": "overrides[]",
      "value": {
        "model": "portfolio:item/painting/endy_warhol",
        "predicate": {
          "portfolio:endy_warhol": 1.0
        }
      }
    },
    {
      "type": "add",
      "target": "overrides[]",
      "value": {
        "model": "portfolio:item/painting/eye",
        "predicate": {
          "portfolio:eye": 1.0
        }
      }
    },
    {
      "type": "add",
      "target": "overrides[]",
      "value": {
        "model": "portfolio:item/painting/farlander",
        "predicate": {
          "portfolio:farlander": 1.0
        }
      }
    },
    {
      "type": "add",
      "target": "overrides[]",
      "value": {
        "model": "portfolio:item/painting/film",
        "predicate": {
          "portfolio:film": 1.0
        }
      }
    },
    {
      "type": "add",
      "target": "overrides[]",
      "value": {
        "model": "portfolio:item/painting/fox",
        "predicate": {
          "portfolio:fox": 1.0
        }
      }
    },
    {
      "type": "add",
      "target": "overrides[]",
      "value": {
        "model": "portfolio:item/painting/gears",
        "predicate": {
          "portfolio:gears": 1.0
        }
      }
    },
    {
      "type": "add",
      "target": "overrides[]",
      "value": {
        "model": "portfolio:item/painting/greatsword",
        "predicate": {
          "portfolio:greatsword": 1.0
        }
      }
    },
    {
      "type": "add",
      "target": "overrides[]",
      "value": {
        "model": "portfolio:item/painting/harvest_moon",
        "predicate": {
          "portfolio:harvest_moon": 1.0
        }
      }
    },
    {
      "type": "add",
      "target": "overrides[]",
      "value": {
        "model": "portfolio:item/painting/heartbeat",
        "predicate": {
          "portfolio:heartbeat": 1.0
        }
      }
    },
    {
      "type": "add",
      "target": "overrides[]",
      "value": {
        "model": "portfolio:item/painting/iconography",
        "predicate": {
          "portfolio:iconography": 1.0
        }
      }
    },
    {
      "type": "add",
      "target": "overrides[]",
      "value": {
        "model": "portfolio:item/painting/jazz_town",
        "predicate": {
          "portfolio:jazz_town": 1.0
        }
      }
    },
    {
      "type": "add",
      "target": "overrides[]",
      "value": {
        "model": "portfolio:item/painting/journeys_end",
        "predicate": {
          "portfolio:journeys_end": 1.0
        }
      }
    },
    {
      "type": "add",
      "target": "overrides[]",
      "value": {
        "model": "portfolio:item/painting/justice",
        "predicate": {
          "portfolio:justice": 1.0
        }
      }
    },
    {
      "type": "add",
      "target": "overrides[]",
      "value": {
        "model": "portfolio:item/painting/life_cycle",
        "predicate": {
          "portfolio:life_cycle": 1.0
        }
      }
    },
    {
      "type": "add",
      "target": "overrides[]",
      "value": {
        "model": "portfolio:item/painting/macabre",
        "predicate": {
          "portfolio:macabre": 1.0
        }
      }
    },
    {
      "type": "add",
      "target": "overrides[]",
      "value": {
        "model": "portfolio:item/painting/macabre_alt",
        "predicate": {
          "portfolio:macabre_alt": 1.0
        }
      }
    },
    {
      "type": "add",
      "target": "overrides[]",
      "value": {
        "model": "portfolio:item/painting/macrocosm",
        "predicate": {
          "portfolio:macrocosm": 1.0
        }
      }
    },
    {
      "type": "add",
      "target": "overrides[]",
      "value": {
        "model": "portfolio:item/painting/melon",
        "predicate": {
          "portfolio:melon": 1.0
        }
      }
    },
    {
      "type": "add",
      "target": "overrides[]",
      "value": {
        "model": "portfolio:item/painting/moonlight_tower",
        "predicate": {
          "portfolio:moonlight_tower": 1.0
        }
      }
    },
    {
      "type": "add",
      "target": "overrides[]",
      "value": {
        "model": "portfolio:item/painting/morning_on_the_seine",
        "predicate": {
          "portfolio:morning_on_the_seine": 1.0
        }
      }
    },
    {
      "type": "add",
      "target": "overrides[]",
      "value": {
        "model": "portfolio:item/painting/mountains",
        "predicate": {
          "portfolio:mountains": 1.0
        }
      }
    },
    {
      "type": "add",
      "target": "overrides[]",
      "value": {
        "model": "portfolio:item/painting/null",
        "predicate": {
          "portfolio:null": 1.0
        }
      }
    },
    {
      "type": "add",
      "target": "overrides[]",
      "value": {
        "model": "portfolio:item/painting/operator",
        "predicate": {
          "portfolio:operator": 1.0
        }
      }
    },
    {
      "type": "add",
      "target": "overrides[]",
      "value": {
        "model": "portfolio:item/painting/parrot",
        "predicate": {
          "portfolio:parrot": 1.0
        }
      }
    },
    {
      "type": "add",
      "target": "overrides[]",
      "value": {
        "model": "portfolio:item/painting/perennial",
        "predicate": {
          "portfolio:perennial": 1.0
        }
      }
    },
    {
      "type": "add",
      "target": "overrides[]",
      "value": {
        "model": "portfolio:item/painting/picturesque",
        "predicate": {
          "portfolio:picturesque": 1.0
        }
      }
    },
    {
      "type": "add",
      "target": "overrides[]",
      "value": {
        "model": "portfolio:item/painting/post_mortem",
        "predicate": {
          "portfolio:post_mortem": 1.0
        }
      }
    },
    {
      "type": "add",
      "target": "overrides[]",
      "value": {
        "model": "portfolio:item/painting/pyramid",
        "predicate": {
          "portfolio:pyramid": 1.0
        }
      }
    },
    {
      "type": "add",
      "target": "overrides[]",
      "value": {
        "model": "portfolio:item/painting/rainbows",
        "predicate": {
          "portfolio:rainbows": 1.0
        }
      }
    },
    {
      "type": "add",
      "target": "overrides[]",
      "value": {
        "model": "portfolio:item/painting/rainbows_alt",
        "predicate": {
          "portfolio:rainbows_alt": 1.0
        }
      }
    },
    {
      "type": "add",
      "target": "overrides[]",
      "value": {
        "model": "portfolio:item/painting/rainbows_trans",
        "predicate": {
          "portfolio:rainbows_trans": 1.0
        }
      }
    },
    {
      "type": "add",
      "target": "overrides[]",
      "value": {
        "model": "portfolio:item/painting/rana",
        "predicate": {
          "portfolio:rana": 1.0
        }
      }
    },
    {
      "type": "add",
      "target": "overrides[]",
      "value": {
        "model": "portfolio:item/painting/red_dawn",
        "predicate": {
          "portfolio:red_dawn": 1.0
        }
      }
    },
    {
      "type": "add",
      "target": "overrides[]",
      "value": {
        "model": "portfolio:item/painting/rising_sun_and_fading_death",
        "predicate": {
          "portfolio:rising_sun_and_fading_death": 1.0
        }
      }
    },
    {
      "type": "add",
      "target": "overrides[]",
      "value": {
        "model": "portfolio:item/painting/rosemalling",
        "predicate": {
          "portfolio:rosemalling": 1.0
        }
      }
    },
    {
      "type": "add",
      "target": "overrides[]",
      "value": {
        "model": "portfolio:item/painting/sandstones",
        "predicate": {
          "portfolio:sandstones": 1.0
        }
      }
    },
    {
      "type": "add",
      "target": "overrides[]",
      "value": {
        "model": "portfolio:item/painting/slime_chunk",
        "predicate": {
          "portfolio:slime_chunk": 1.0
        }
      }
    },
    {
      "type": "add",
      "target": "overrides[]",
      "value": {
        "model": "portfolio:item/painting/squid_games",
        "predicate": {
          "portfolio:squid_games": 1.0
        }
      }
    },
    {
      "type": "add",
      "target": "overrides[]",
      "value": {
        "model": "portfolio:item/painting/stalks",
        "predicate": {
          "portfolio:stalks": 1.0
        }
      }
    },
    {
      "type": "add",
      "target": "overrides[]",
      "value": {
        "model": "portfolio:item/painting/statue",
        "predicate": {
          "portfolio:statue": 1.0
        }
      }
    },
    {
      "type": "add",
      "target": "overrides[]",
      "value": {
        "model": "portfolio:item/painting/still_life",
        "predicate": {
          "portfolio:still_life": 1.0
        }
      }
    },
    {
      "type": "add",
      "target": "overrides[]",
      "value": {
        "model": "portfolio:item/painting/storm",
        "predicate": {
          "portfolio:storm": 1.0
        }
      }
    },
    {
      "type": "add",
      "target": "overrides[]",
      "value": {
        "model": "portfolio:item/painting/sunflower",
        "predicate": {
          "portfolio:sunflower": 1.0
        }
      }
    },
    {
      "type": "add",
      "target": "overrides[]",
      "value": {
        "model": "portfolio:item/painting/sunrise_sparse",
        "predicate": {
          "portfolio:sunrise_sparse": 1.0
        }
      }
    },
    {
      "type": "add",
      "target": "overrides[]",
      "value": {
        "model": "portfolio:item/painting/the_treachery_of_images",
        "predicate": {
          "portfolio:the_treachery_of_images": 1.0
        }
      }
    },
    {
      "type": "add",
      "target": "overrides[]",
      "value": {
        "model": "portfolio:item/painting/traveller",
        "predicate": {
          "portfolio:traveller": 1.0
        }
      }
    },
    {
      "type": "add",
      "target": "overrides[]",
      "value": {
        "model": "portfolio:item/painting/underworld",
        "predicate": {
          "portfolio:underworld": 1.0
        }
      }
    },
    {
      "type": "add",
      "target": "overrides[]",
      "value": {
        "model": "portfolio:item/painting/void_manor",
        "predicate": {
          "portfolio:void_manor": 1.0
        }
      }
    },
    {
      "type": "add",
      "target": "overrides[]",
      "value": {
        "model": "portfolio:item/painting/waves",
        "predicate": {
          "portfolio:waves": 1.0
        }
      }
    },
    {
      "type": "add",
      "target": "overrides[]",
      "value": {
        "model": "portfolio:item/painting/we_need_to_go_deeper",
        "predicate": {
          "portfolio:we_need_to_go_deeper": 1.0
        }
      }
    },
    {
      "type": "add",
      "target": "overrides[]",
      "value": {
        "model": "portfolio:item/painting/windmill_field",
        "predicate": {
          "portfolio:windmill_field": 1.0
        }
      }
    }
  ],
  "selector": "minecraft:models/item/painting"
}