{
	"credit": "Made with Blockbench",
	"textures": {
		"particle": "coastercompat:block/adzuki_ice_cream",
		"bowl": "coastercompat:block/adzuki_ice_cream"
	},
	"elements": [
		{
			"from": [5, 0, 5],
			"to": [11, 4, 11],
			"rotation": {"angle": 0, "axis": "y", "origin": [5, 0, 5]},
			"faces": {
				"north": {"uv": [7, 5, 13, 9], "texture": "#bowl"},
				"east": {"uv": [7, 5, 13, 9], "texture": "#bowl"},
				"south": {"uv": [7, 5, 13, 9], "texture": "#bowl"},
				"west": {"uv": [7, 5, 13, 9], "texture": "#bowl"},
				"up": {"uv": [7, 10, 13, 16], "texture": "#bowl"},
				"down": {"uv": [0, 10, 6, 16], "texture": "#bowl"}
			}
		},
		{
			"from": [6, 4, 6],
			"to": [10, 6, 10],
			"rotation": {"angle": 0, "axis": "y", "origin": [5, 0, 5]},
			"faces": {
				"north": {"uv": [1, 2, 5, 4], "texture": "#bowl"},
				"east": {"uv": [1, 2, 5, 4], "texture": "#bowl"},
				"south": {"uv": [1, 2, 5, 4], "texture": "#bowl"},
				"west": {"uv": [1, 2, 5, 4], "texture": "#bowl"},
				"up": {"uv": [1, 5, 5, 9], "texture": "#bowl"}
			}
		},
		{
			"from": [5.5, 4.5, 8.5],
			"to": [7.5, 6.5, 10.5],
			"rotation": {"angle": 0, "axis": "y", "origin": [8, 7, 8]},
			"faces": {
				"north": {"uv": [7, 2, 9, 4], "texture": "#bowl"},
				"east": {"uv": [9, 2, 7, 4], "texture": "#bowl"},
				"south": {"uv": [7, 4, 9, 2], "texture": "#bowl"},
				"west": {"uv": [9, 4, 7, 2], "texture": "#bowl"},
				"up": {"uv": [7, 4, 9, 2], "rotation": 180, "texture": "#bowl"},
				"down": {"uv": [7, 2, 9, 4], "texture": "#bowl"}
			}
		}
	]
}