{
	"credit": "Made with Blockbench",
	"textures": {
		"particle": "coastercompat:block/ancient_fruit",
		"apple": "coastercompat:block/ancient_fruit"
	},
	"elements": [
		{
			"from": [5.5, 0, 5.5],
			"to": [10.5, 4, 10.5],
			"rotation": {"angle": 0, "axis": "y", "origin": [5.5, 0, 5.5]},
			"faces": {
				"north": {"uv": [1, 8, 6, 12], "texture": "#apple"},
				"east": {"uv": [1, 8, 6, 12], "texture": "#apple"},
				"south": {"uv": [1, 8, 6, 12], "texture": "#apple"},
				"west": {"uv": [1, 8, 6, 12], "texture": "#apple"},
				"up": {"uv": [1, 1, 6, 6], "texture": "#apple"},
				"down": {"uv": [7, 1, 12, 6], "texture": "#apple"}
			}
		},
		{
			"from": [6, 4, 6],
			"to": [10, 7, 10],
			"rotation": {"angle": 0, "axis": "y", "origin": [5.5, 0, 5.5]},
			"faces": {
				"north": {"uv": [10, 12, 14, 15], "texture": "#apple"},
				"east": {"uv": [10, 12, 14, 15], "texture": "#apple"},
				"south": {"uv": [10, 12, 14, 15], "texture": "#apple"},
				"west": {"uv": [10, 12, 14, 15], "texture": "#apple"},
				"up": {"uv": [10, 7, 14, 11], "texture": "#apple"}
			}
		},
		{
			"from": [7, 7, 8],
			"to": [9, 10, 8],
			"rotation": {"angle": 45, "axis": "y", "origin": [8, 5, 8]},
			"faces": {
				"north": {"uv": [7, 7, 9, 10], "texture": "#apple"},
				"south": {"uv": [9, 7, 7, 10], "texture": "#apple"}
			}
		}
	]
}