{
	"credit": "Made with Blockbench",
	"textures": {
		"particle": "coastercompat:block/bacon_sandwich",
		"bowl": "coastercompat:block/bacon_sandwich"
	},
	"elements": [
		{
			"from": [4.5, 0, 4.5],
			"to": [11.5, 4, 11.5],
			"rotation": {"angle": 0, "axis": "y", "origin": [5, 0, 5]},
			"faces": {
				"north": {"uv": [0, 10, 7, 14], "texture": "#bowl"},
				"east": {"uv": [0, 10, 7, 14], "texture": "#bowl"},
				"south": {"uv": [0, 10, 7, 14], "texture": "#bowl"},
				"west": {"uv": [0, 10, 7, 14], "texture": "#bowl"},
				"up": {"uv": [0, 0, 7, 7], "texture": "#bowl"},
				"down": {"uv": [9, 0, 16, 7], "texture": "#bowl"}
			}
		}
	]
}