{
	"credit": "Made with Blockbench",
	"textures": {
		"particle": "coastercompat:block/baked_potato",
		"potato": "coastercompat:block/baked_potato"
	},
	"elements": [
		{
			"from": [5, 0, 5.5],
			"to": [11, 5, 10.5],
			"rotation": {"angle": 0, "axis": "y", "origin": [5, 0, 5.5]},
			"faces": {
				"north": {"uv": [0, 0, 6, 5], "texture": "#potato"},
				"east": {"uv": [6, 10, 11, 15], "texture": "#potato"},
				"south": {"uv": [0, 0, 6, 5], "texture": "#potato"},
				"west": {"uv": [6, 10, 11, 15], "texture": "#potato"},
				"up": {"uv": [6, 5, 0, 10], "texture": "#potato"},
				"down": {"uv": [0, 10, 6, 15], "texture": "#potato"}
			}
		},
		{
			"from": [4.75, -0.25, 5.25],
			"to": [11.25, 5.25, 10.75],
			"rotation": {"angle": 0, "axis": "y", "origin": [5, 0, 5.5]},
			"faces": {
				"north": {"uv": [0, 0, 6, 5], "texture": "#potato"},
				"east": {"uv": [6, 0, 11, 5], "texture": "#potato"},
				"south": {"uv": [0, 0, 6, 5], "texture": "#potato"},
				"west": {"uv": [6, 0, 11, 5], "texture": "#potato"},
				"up": {"uv": [6, 5, 12, 10], "texture": "#potato"},
				"down": {"uv": [0, 10, 6, 15], "texture": "#potato"}
			}
		},
		{
			"from": [11.25, -0.25, 5.25],
			"to": [4.75, 5.25, 10.75],
			"rotation": {"angle": 0, "axis": "y", "origin": [5, 0, 5.5]},
			"faces": {
				"north": {"uv": [0, 0, 6, 5], "texture": "#potato"},
				"east": {"uv": [6, 0, 11, 5], "texture": "#potato"},
				"south": {"uv": [0, 0, 6, 5], "texture": "#potato"},
				"west": {"uv": [6, 0, 11, 5], "texture": "#potato"},
				"up": {"uv": [6, 5, 12, 10], "texture": "#potato"},
				"down": {"uv": [0, 10, 6, 15], "texture": "#potato"}
			}
		}
	]
}