{
	"credit": "Made with Blockbench",
	"textures": {
		"particle": "coastercompat:block/candy",
		"apple": "coastercompat:block/candy"
	},
	"elements": [
		{
			"from": [6.5, 0, 6.5],
			"to": [9.5, 3, 9.5],
			"rotation": {"angle": 0, "axis": "y", "origin": [5.5, 0, 5.5]},
			"faces": {
				"north": {"uv": [1, 5, 4, 8], "texture": "#apple"},
				"east": {"uv": [5, 5, 8, 8], "texture": "#apple"},
				"south": {"uv": [4, 5, 1, 8], "texture": "#apple"},
				"west": {"uv": [5, 5, 8, 8], "texture": "#apple"},
				"up": {"uv": [1, 1, 4, 4], "texture": "#apple"},
				"down": {"uv": [5, 1, 8, 4], "texture": "#apple"}
			}
		},
		{
			"from": [5.5, 0.5, 8],
			"to": [6.5, 2.5, 8],
			"rotation": {"angle": 0, "axis": "z", "origin": [8, 5, 8]},
			"faces": {
				"north": {"uv": [1, 9, 2, 11], "texture": "#apple"},
				"south": {"uv": [3, 11, 4, 9], "rotation": 180, "texture": "#apple"}
			}
		},
		{
			"from": [9.5, 0.5, 8],
			"to": [10.5, 2.5, 8],
			"rotation": {"angle": 0, "axis": "z", "origin": [8, 5, 8]},
			"faces": {
				"north": {"uv": [4, 11, 3, 9], "rotation": 180, "texture": "#apple"},
				"south": {"uv": [2, 11, 1, 9], "rotation": 180, "texture": "#apple"}
			}
		}
	]
}