{
	"credit": "Made with Blockbench",
	"textures": {
		"particle": "coastercompat:block/cherry_cookie",
		"cookie": "coastercompat:block/cherry_cookie"
	},
	"elements": [
		{
			"from": [5, 0, 5],
			"to": [11, 2, 11],
			"rotation": {"angle": 0, "axis": "y", "origin": [6, 0, 6]},
			"faces": {
				"north": {"uv": [7, 8, 1, 10], "texture": "#cookie"},
				"east": {"uv": [8, 8, 14, 10], "texture": "#cookie"},
				"south": {"uv": [1, 8, 7, 10], "texture": "#cookie"},
				"west": {"uv": [14, 8, 8, 10], "texture": "#cookie"},
				"up": {"uv": [1, 1, 7, 7], "texture": "#cookie"},
				"down": {"uv": [8, 1, 14, 7], "texture": "#cookie"}
			}
		}
	]
}