{
	"credit": "Made with Blockbench",
	"textures": {
		"particle": "coastercompat:block/cherries",
		"apple": "coastercompat:block/cherries"
	},
	"elements": [
		{
			"from": [7.5, 0, 5],
			"to": [10.5, 3, 8],
			"rotation": {"angle": 0, "axis": "y", "origin": [5.5, 0, 5.5]},
			"faces": {
				"north": {"uv": [1, 7, 4, 10], "texture": "#apple"},
				"east": {"uv": [1, 7, 4, 10], "texture": "#apple"},
				"south": {"uv": [1, 7, 4, 10], "texture": "#apple"},
				"west": {"uv": [1, 7, 4, 10], "texture": "#apple"},
				"up": {"uv": [1, 1, 4, 4], "texture": "#apple"},
				"down": {"uv": [7, 1, 10, 4], "texture": "#apple"}
			}
		},
		{
			"from": [5.5, 0, 8],
			"to": [8.5, 3, 11],
			"rotation": {"angle": 0, "axis": "y", "origin": [5.5, 0, 5.5]},
			"faces": {
				"north": {"uv": [1, 7, 4, 10], "texture": "#apple"},
				"east": {"uv": [1, 7, 4, 10], "texture": "#apple"},
				"south": {"uv": [1, 7, 4, 10], "texture": "#apple"},
				"west": {"uv": [1, 7, 4, 10], "texture": "#apple"},
				"up": {"uv": [1, 1, 4, 4], "texture": "#apple"},
				"down": {"uv": [7, 1, 10, 4], "texture": "#apple"}
			}
		},
		{
			"from": [5, 3, 8],
			"to": [10, 6, 8],
			"rotation": {"angle": 45, "axis": "y", "origin": [8, 5, 8]},
			"faces": {
				"north": {"uv": [7, 7, 12, 10], "texture": "#apple"},
				"south": {"uv": [12, 7, 7, 10], "texture": "#apple"}
			}
		}
	]
}