{
	"credit": "Made with Blockbench",
	"textures": {
		"particle": "coastercompat:block/chicken_sandwich",
		"bread": "coastercompat:block/chicken_sandwich"
	},
	"elements": [
		{
			"from": [4, 0, 5.5],
			"to": [12, 4, 10.5],
			"rotation": {"angle": 0, "axis": "y", "origin": [4, 0, 6]},
			"faces": {
				"north": {"uv": [7, 6, 15, 10], "texture": "#bread"},
				"east": {"uv": [1, 6, 6, 10], "texture": "#bread"},
				"south": {"uv": [7, 6, 15, 10], "texture": "#bread"},
				"west": {"uv": [1, 6, 6, 10], "texture": "#bread"},
				"up": {"uv": [7, 0, 15, 5], "texture": "#bread"},
				"down": {"uv": [7, 11, 15, 16], "texture": "#bread"}
			}
		}
	]
}