{
	"credit": "Made with Blockbench",
	"textures": {
		"particle": "coastercompat:block/chilidog",
		"bread": "coastercompat:block/chilidog"
	},
	"elements": [
		{
			"from": [4, 0, 6],
			"to": [12, 3, 11],
			"rotation": {"angle": 0, "axis": "y", "origin": [4, 0, 6]},
			"faces": {
				"north": {"uv": [0, 5, 8, 8], "texture": "#bread"},
				"east": {"uv": [8, 0, 13, 3], "texture": "#bread"},
				"south": {"uv": [8, 5, 0, 8], "texture": "#bread"},
				"west": {"uv": [8, 0, 13, 3], "texture": "#bread"},
				"up": {"uv": [0, 0, 8, 5], "texture": "#bread"},
				"down": {"uv": [0, 8, 8, 13], "texture": "#bread"}
			}
		},
		{
			"from": [4, 1, 7],
			"to": [12, 4, 10],
			"rotation": {"angle": 0, "axis": "y", "origin": [4, 0, 6]},
			"faces": {
				"north": {"uv": [16, 9, 8, 12], "texture": "#bread"},
				"east": {"uv": [8, 3, 11, 6], "texture": "#bread"},
				"south": {"uv": [8, 9, 16, 12], "texture": "#bread"},
				"west": {"uv": [8, 3, 11, 6], "texture": "#bread"},
				"up": {"uv": [8, 6, 16, 9], "texture": "#bread"}
			}
		}
	]
}