{
	"credit": "Made with Blockbench",
	"textures": {
		"particle": "coastercompat:block/currant",
		"carrot": "coastercompat:block/currant"
	},
	"elements": [
		{
			"from": [6, 0, 6.5],
			"to": [11, 3, 10.5],
			"rotation": {"angle": 0, "axis": "y", "origin": [6, 0, 6.5]},
			"faces": {
				"north": {"uv": [0, 4, 5, 7], "texture": "#carrot"},
				"east": {"uv": [5, 13, 9, 16], "texture": "#carrot"},
				"south": {"uv": [5, 4, 0, 7], "texture": "#carrot"},
				"west": {"uv": [0, 13, 4, 16], "texture": "#carrot"},
				"up": {"uv": [5, 0, 0, 4], "texture": "#carrot"},
				"down": {"uv": [0, 7, 5, 11], "texture": "#carrot"}
			}
		},
		{
			"from": [5, 0, 7],
			"to": [6, 2, 10],
			"rotation": {"angle": 0, "axis": "y", "origin": [4, 0, 7]},
			"faces": {
				"north": {"uv": [11, 0, 12, 2], "texture": "#carrot"},
				"south": {"uv": [11, 0, 12, 2], "texture": "#carrot"},
				"west": {"uv": [7, 2, 10, 4], "texture": "#carrot"},
				"up": {"uv": [7, 0, 10, 1], "rotation": 90, "texture": "#carrot"},
				"down": {"uv": [7, 6, 10, 5], "rotation": 90, "texture": "#carrot"}
			}
		}
	]
}