{
	"credit": "Made with Blockbench",
	"textures": {
		"particle": "coastercompat:block/currant_muffin",
		"apple": "coastercompat:block/currant_muffin"
	},
	"elements": [
		{
			"from": [5.5, 0, 5.5],
			"to": [10.5, 3, 10.5],
			"rotation": {"angle": 0, "axis": "y", "origin": [5.5, 0, 5.5]},
			"faces": {
				"north": {"uv": [1, 12, 6, 15], "texture": "#apple"},
				"east": {"uv": [1, 12, 6, 15], "texture": "#apple"},
				"south": {"uv": [1, 12, 6, 15], "texture": "#apple"},
				"west": {"uv": [1, 12, 6, 15], "texture": "#apple"},
				"down": {"uv": [8, 10, 13, 15], "texture": "#apple"}
			}
		},
		{
			"from": [5, 3, 5],
			"to": [11, 5, 11],
			"rotation": {"angle": 0, "axis": "y", "origin": [5.5, 0, 5.5]},
			"faces": {
				"north": {"uv": [1, 5, 7, 7], "texture": "#apple"},
				"east": {"uv": [1, 5, 7, 7], "texture": "#apple"},
				"south": {"uv": [1, 5, 7, 7], "texture": "#apple"},
				"west": {"uv": [1, 5, 7, 7], "texture": "#apple"},
				"up": {"uv": [8, 1, 14, 7], "texture": "#apple"},
				"down": {"uv": [8, 1, 14, 7], "texture": "#apple"}
			}
		},
		{
			"from": [5.5, 5, 8],
			"to": [8.5, 7, 8],
			"rotation": {"angle": 45, "axis": "y", "origin": [8, 5, 8]},
			"faces": {
				"north": {"uv": [2, 9, 5, 11], "texture": "#apple"},
				"south": {"uv": [5, 9, 2, 11], "texture": "#apple"}
			}
		}
	]
}