{
	"credit": "Made with Blockbench",
	"textures": {
		"particle": "coastercompat:block/dumplings",
		"apple": "coastercompat:block/dumplings"
	},
	"elements": [
		{
			"from": [8, 0.02, 7],
			"to": [12, 3.02, 11],
			"rotation": {"angle": 0, "axis": "y", "origin": [5.5, 0, 5.5]},
			"faces": {
				"north": {"uv": [1, 7, 5, 10], "texture": "#apple"},
				"east": {"uv": [1, 7, 5, 10], "texture": "#apple"},
				"south": {"uv": [1, 7, 5, 10], "texture": "#apple"},
				"west": {"uv": [1, 7, 5, 10], "texture": "#apple"},
				"up": {"uv": [1, 1, 5, 5], "texture": "#apple"},
				"down": {"uv": [7, 1, 11, 5], "texture": "#apple"}
			}
		},
		{
			"from": [4, 0.02, 5],
			"to": [8, 3.02, 9],
			"rotation": {"angle": 0, "axis": "y", "origin": [5.5, 0, 5.5]},
			"faces": {
				"north": {"uv": [1, 7, 5, 10], "texture": "#apple"},
				"east": {"uv": [1, 7, 5, 10], "texture": "#apple"},
				"south": {"uv": [1, 7, 5, 10], "texture": "#apple"},
				"west": {"uv": [1, 7, 5, 10], "texture": "#apple"},
				"up": {"uv": [1, 1, 5, 5], "texture": "#apple"},
				"down": {"uv": [7, 1, 11, 5], "texture": "#apple"}
			}
		},
		{
			"from": [4, 0.01, 4],
			"to": [12, 0.01, 12],
			"rotation": {"angle": 0, "axis": "z", "origin": [8, 5, 8]},
			"faces": {
				"up": {"uv": [15, 7, 7, 15], "rotation": 270, "texture": "#apple"},
				"down": {"uv": [7, 7, 15, 15], "rotation": 270, "texture": "#apple"}
			}
		}
	]
}