{
	"credit": "Made with Blockbench",
	"textures": {
		"particle": "coastercompat:block/fermented_spider_eye",
		"apple": "coastercompat:block/fermented_spider_eye"
	},
	"elements": [
		{
			"from": [6.5, 0, 5.5],
			"to": [10.5, 4, 9.5],
			"rotation": {"angle": 0, "axis": "y", "origin": [5.5, 0, 5.5]},
			"faces": {
				"north": {"uv": [1, 6, 5, 10], "texture": "#apple"},
				"east": {"uv": [5, 6, 1, 10], "texture": "#apple"},
				"south": {"uv": [5, 1, 1, 5], "texture": "#apple"},
				"west": {"uv": [1, 1, 5, 5], "texture": "#apple"},
				"up": {"uv": [11, 1, 15, 5], "rotation": 90, "texture": "#apple"},
				"down": {"uv": [6, 1, 10, 5], "rotation": 270, "texture": "#apple"}
			}
		},
		{
			"from": [4.5, 0.01, 8.5],
			"to": [7.5, 0.01, 11.5],
			"rotation": {"angle": 0, "axis": "x", "origin": [8, 5, 8]},
			"faces": {
				"up": {"uv": [6, 6, 9, 9], "rotation": 180, "texture": "#apple"},
				"down": {"uv": [9, 6, 6, 9], "texture": "#apple"}
			}
		}
	]
}