{
	"credit": "Made with Blockbench",
	"textures": {
		"particle": "coastercompat:block/foul_berries",
		"apple": "coastercompat:block/foul_berries"
	},
	"elements": [
		{
			"from": [8.5, 0, 5.5],
			"to": [11.5, 3, 8.5],
			"rotation": {"angle": 0, "axis": "y", "origin": [5.5, 0, 5.5]},
			"faces": {
				"north": {"uv": [1, 7, 4, 10], "texture": "#apple"},
				"east": {"uv": [1, 7, 4, 10], "texture": "#apple"},
				"south": {"uv": [1, 7, 4, 10], "texture": "#apple"},
				"west": {"uv": [1, 7, 4, 10], "texture": "#apple"},
				"up": {"uv": [1, 1, 4, 4], "texture": "#apple"},
				"down": {"uv": [7, 1, 10, 4], "texture": "#apple"}
			}
		},
		{
			"from": [4.5, 0, 5.5],
			"to": [7.5, 3, 8.5],
			"rotation": {"angle": 0, "axis": "y", "origin": [5.5, 0, 5.5]},
			"faces": {
				"north": {"uv": [1, 7, 4, 10], "texture": "#apple"},
				"east": {"uv": [1, 7, 4, 10], "texture": "#apple"},
				"south": {"uv": [1, 7, 4, 10], "texture": "#apple"},
				"west": {"uv": [1, 7, 4, 10], "texture": "#apple"},
				"up": {"uv": [1, 1, 4, 4], "texture": "#apple"},
				"down": {"uv": [7, 1, 10, 4], "texture": "#apple"}
			}
		},
		{
			"from": [6.5, 0, 8.5],
			"to": [9.5, 3, 11.5],
			"rotation": {"angle": 0, "axis": "y", "origin": [5.5, 0, 5.5]},
			"faces": {
				"north": {"uv": [1, 7, 4, 10], "texture": "#apple"},
				"east": {"uv": [1, 7, 4, 10], "texture": "#apple"},
				"south": {"uv": [1, 7, 4, 10], "texture": "#apple"},
				"west": {"uv": [1, 7, 4, 10], "texture": "#apple"},
				"up": {"uv": [1, 1, 4, 4], "texture": "#apple"},
				"down": {"uv": [7, 1, 10, 4], "texture": "#apple"}
			}
		},
		{
			"from": [4.5, 3.01, 4.5],
			"to": [11.5, 3.01, 11.5],
			"rotation": {"angle": 0, "axis": "z", "origin": [8, 5, 8]},
			"faces": {
				"up": {"uv": [13, 7, 6, 14], "rotation": 270, "texture": "#apple"},
				"down": {"uv": [6, 7, 13, 14], "rotation": 270, "texture": "#apple"}
			}
		}
	]
}