{
	"credit": "Made with Blockbench",
	"textures": {
		"particle": "coastercompat:block/glow_berries",
		"apple": "coastercompat:block/glow_berries"
	},
	"elements": [
		{
			"from": [7.5, 0, 5],
			"to": [10.5, 3, 8],
			"rotation": {"angle": 0, "axis": "y", "origin": [5.5, 0, 5.5]},
			"faces": {
				"north": {"uv": [1, 7, 4, 10], "texture": "#apple"},
				"east": {"uv": [1, 7, 4, 10], "texture": "#apple"},
				"south": {"uv": [1, 7, 4, 10], "texture": "#apple"},
				"west": {"uv": [1, 7, 4, 10], "texture": "#apple"},
				"up": {"uv": [1, 1, 4, 4], "texture": "#apple"},
				"down": {"uv": [7, 1, 10, 4], "texture": "#apple"}
			}
		},
		{
			"from": [5.5, 0, 8],
			"to": [8.5, 3, 11],
			"rotation": {"angle": 0, "axis": "y", "origin": [5.5, 0, 5.5]},
			"faces": {
				"north": {"uv": [1, 7, 4, 10], "texture": "#apple"},
				"east": {"uv": [1, 7, 4, 10], "texture": "#apple"},
				"south": {"uv": [1, 7, 4, 10], "texture": "#apple"},
				"west": {"uv": [1, 7, 4, 10], "texture": "#apple"},
				"up": {"uv": [1, 1, 4, 4], "texture": "#apple"},
				"down": {"uv": [7, 1, 10, 4], "texture": "#apple"}
			}
		},
		{
			"from": [8, 3, 5],
			"to": [8, 7, 11],
			"rotation": {"angle": -45, "axis": "y", "origin": [8, 5, 8]},
			"faces": {
				"east": {"uv": [13, 7, 7, 11], "texture": "#apple"},
				"west": {"uv": [7, 7, 13, 11], "texture": "#apple"}
			}
		}
	]
}