{
	"credit": "Made with Blockbench",
	"texture_size": [24, 16],
	"textures": {
		"particle": "coastercompat:block/ham",
		"apple": "coastercompat:block/ham"
	},
	"elements": [
		{
			"name": "ham",
			"from": [4.5, 0, 4.5],
			"to": [11.5, 7, 11.5],
			"faces": {
				"north": {"uv": [0, 0, 4.66667, 7], "texture": "#apple"},
				"east": {"uv": [4.66667, 8, 0, 15], "texture": "#apple"},
				"south": {"uv": [5.33333, 8, 10, 15], "texture": "#apple"},
				"west": {"uv": [0, 8, 4.66667, 15], "texture": "#apple"},
				"up": {"uv": [5.33333, 0, 10, 7], "texture": "#apple"},
				"down": {"uv": [10.66667, 0, 15.33333, 7], "texture": "#apple"}
			}
		},
		{
			"name": "bone",
			"from": [7, 2.5, 11.5],
			"to": [9, 4.5, 15.5],
			"faces": {
				"north": {"uv": [10.66667, 8, 12, 10], "texture": "#apple"},
				"east": {"uv": [14.66667, 8, 12, 10], "texture": "#apple"},
				"south": {"uv": [10.66667, 8, 12, 10], "texture": "#apple"},
				"west": {"uv": [12, 8, 14.66667, 10], "texture": "#apple"},
				"up": {"uv": [10.66667, 10, 12, 14], "texture": "#apple"},
				"down": {"uv": [10.66667, 14, 12, 10], "texture": "#apple"}
			}
		}
	]
}