{
	"credit": "Made with Blockbench",
	"textures": {
		"particle": "coastercompat:block/hotdog_alt",
		"bread": "coastercompat:block/hotdog_alt"
	},
	"elements": [
		{
			"from": [4, 0, 6],
			"to": [12, 3, 11],
			"rotation": {"angle": 0, "axis": "y", "origin": [4, 0, 6]},
			"faces": {
				"north": {"uv": [0, 5, 8, 8], "texture": "#bread"},
				"east": {"uv": [8, 0, 13, 3], "texture": "#bread"},
				"south": {"uv": [0, 5, 8, 8], "texture": "#bread"},
				"west": {"uv": [8, 0, 13, 3], "texture": "#bread"},
				"up": {"uv": [0, 0, 8, 5], "texture": "#bread"},
				"down": {"uv": [0, 8, 8, 13], "texture": "#bread"}
			}
		}
	]
}