{
	"credit": "Made with Blockbench",
	"textures": {
		"particle": "coastercompat:block/lime_slice",
		"apple": "coastercompat:block/lime_slice"
	},
	"elements": [
		{
			"from": [6, 0, 6],
			"to": [10, 2, 10],
			"rotation": {"angle": 0, "axis": "z", "origin": [8, 2, 8]},
			"faces": {
				"north": {"uv": [4, 7, 0, 5], "rotation": 180, "texture": "#apple"},
				"east": {"uv": [4, 7, 0, 5], "rotation": 180, "texture": "#apple"},
				"south": {"uv": [4, 7, 0, 5], "rotation": 180, "texture": "#apple"},
				"west": {"uv": [0, 7, 4, 5], "rotation": 180, "texture": "#apple"},
				"up": {"uv": [5, 0, 9, 4], "rotation": 90, "texture": "#apple"},
				"down": {"uv": [0, 0, 4, 4], "rotation": 90, "texture": "#apple"}
			}
		}
	]
}