{
	"credit": "Made with Blockbench",
	"textures": {
		"particle": "coastercompat:block/lime",
		"apple": "coastercompat:block/lime"
	},
	"elements": [
		{
			"from": [5.5, 0, 6],
			"to": [10.5, 4, 10],
			"rotation": {"angle": 0, "axis": "z", "origin": [8, 2.5, 8]},
			"faces": {
				"north": {"uv": [11, 9, 6, 5], "rotation": 180, "texture": "#apple"},
				"east": {"uv": [0, 0, 4, 4], "texture": "#apple"},
				"south": {"uv": [11, 9, 6, 5], "rotation": 180, "texture": "#apple"},
				"west": {"uv": [0, 0, 4, 4], "texture": "#apple"},
				"up": {"uv": [0, 9, 5, 5], "rotation": 180, "texture": "#apple"},
				"down": {"uv": [0, 10, 5, 14], "rotation": 180, "texture": "#apple"}
			}
		}
	]
}