{
	"credit": "Made with Blockbench",
	"textures": {
		"particle": "coastercompat:block/mulberry_jam",
		"jam": "coastercompat:block/mulberry_jam"
	},
	"elements": [
		{
			"from": [5.5, 0, 5.5],
			"to": [10.5, 7, 10.5],
			"rotation": {"angle": 0, "axis": "y", "origin": [5.5, 0, 5.5]},
			"faces": {
				"north": {"uv": [0, 0, 5, 7], "texture": "#jam"},
				"east": {"uv": [0, 0, 5, 7], "texture": "#jam"},
				"south": {"uv": [0, 0, 5, 7], "texture": "#jam"},
				"west": {"uv": [0, 0, 5, 7], "texture": "#jam"},
				"up": {"uv": [6, 0, 11, 5], "texture": "#jam"},
				"down": {"uv": [6, 6, 11, 11], "texture": "#jam"}
			}
		},
		{
			"from": [5.5, 5, 4.5],
			"to": [10.5, 5, 5.5],
			"rotation": {"angle": -45, "axis": "x", "origin": [8, 5, 5.5]},
			"faces": {
				"north": {"uv": [0, 0, 5, 0], "texture": "#jam"},
				"east": {"uv": [0, 0, 1, 0], "texture": "#jam"},
				"south": {"uv": [0, 0, 5, 0], "texture": "#jam"},
				"west": {"uv": [0, 0, 1, 0], "texture": "#jam"},
				"up": {"uv": [6, 12, 11, 13], "texture": "#jam"},
				"down": {"uv": [6, 14, 11, 15], "texture": "#jam"}
			}
		},
		{
			"from": [5.5, 5, 10.5],
			"to": [10.5, 5, 11.5],
			"rotation": {"angle": 45, "axis": "x", "origin": [8, 5, 10.5]},
			"faces": {
				"north": {"uv": [0, 0, 5, 0], "texture": "#jam"},
				"east": {"uv": [0, 0, 1, 0], "texture": "#jam"},
				"south": {"uv": [0, 0, 5, 0], "texture": "#jam"},
				"west": {"uv": [0, 0, 1, 0], "texture": "#jam"},
				"up": {"uv": [6, 12, 11, 13], "texture": "#jam"},
				"down": {"uv": [6, 14, 11, 15], "texture": "#jam"}
			}
		},
		{
			"from": [4.5, 5, 5.5],
			"to": [5.5, 5, 10.5],
			"rotation": {"angle": 45, "axis": "z", "origin": [5.5, 5, 8]},
			"faces": {
				"north": {"uv": [0, 0, 1, 0], "texture": "#jam"},
				"east": {"uv": [0, 0, 5, 0], "texture": "#jam"},
				"south": {"uv": [0, 0, 1, 0], "texture": "#jam"},
				"west": {"uv": [0, 0, 5, 0], "texture": "#jam"},
				"up": {"uv": [4, 8, 5, 13], "texture": "#jam"},
				"down": {"uv": [2, 8, 3, 13], "texture": "#jam"}
			}
		},
		{
			"from": [10.5, 5, 5.5],
			"to": [11.5, 5, 10.5],
			"rotation": {"angle": -45, "axis": "z", "origin": [10.5, 5, 8]},
			"faces": {
				"north": {"uv": [0, 0, 1, 0], "texture": "#jam"},
				"east": {"uv": [0, 0, 5, 0], "texture": "#jam"},
				"south": {"uv": [0, 0, 1, 0], "texture": "#jam"},
				"west": {"uv": [0, 0, 5, 0], "texture": "#jam"},
				"up": {"uv": [4, 8, 5, 13], "texture": "#jam"},
				"down": {"uv": [2, 8, 3, 13], "texture": "#jam"}
			}
		},
		{
			"from": [6, 0.5, 6],
			"to": [10, 6.5, 10],
			"rotation": {"angle": 0, "axis": "y", "origin": [6, 0.5, 6]},
			"faces": {
				"north": {"uv": [12, 0, 16, 6], "texture": "#jam"},
				"east": {"uv": [12, 0, 16, 6], "texture": "#jam"},
				"south": {"uv": [12, 0, 16, 6], "texture": "#jam"},
				"west": {"uv": [12, 0, 16, 6], "texture": "#jam"},
				"up": {"uv": [12, 7, 16, 11], "texture": "#jam"},
				"down": {"uv": [12, 7, 16, 11], "texture": "#jam"}
			}
		}
	]
}