{
	"credit": "Made with Blockbench",
	"textures": {
		"particle": "coastercompat:block/orange_pudding",
		"apple": "coastercompat:block/orange_pudding"
	},
	"elements": [
		{
			"from": [5, 0, 5],
			"to": [11, 4, 11],
			"rotation": {"angle": 0, "axis": "y", "origin": [5.5, 0, 5.5]},
			"faces": {
				"north": {"uv": [9, 3, 15, 7], "texture": "#apple"},
				"east": {"uv": [9, 3, 15, 7], "texture": "#apple"},
				"south": {"uv": [9, 3, 15, 7], "texture": "#apple"},
				"west": {"uv": [9, 3, 15, 7], "texture": "#apple"},
				"up": {"uv": [1, 8, 7, 14], "texture": "#apple"},
				"down": {"uv": [9, 8, 15, 14], "texture": "#apple"}
			}
		},
		{
			"from": [7, 4, 7],
			"to": [9, 6, 9],
			"rotation": {"angle": 0, "axis": "y", "origin": [5.5, -2, 5.5]},
			"faces": {
				"north": {"uv": [4, 4, 2, 6], "texture": "#apple"},
				"east": {"uv": [2, 4, 4, 6], "texture": "#apple"},
				"south": {"uv": [2, 4, 4, 6], "texture": "#apple"},
				"west": {"uv": [2, 4, 4, 6], "texture": "#apple"},
				"up": {"uv": [2, 4, 4, 6], "texture": "#apple"}
			}
		},
		{
			"from": [4.75, 5, 8],
			"to": [6.75, 7, 8],
			"rotation": {"angle": 45, "axis": "y", "origin": [8, 3, 8]},
			"faces": {
				"north": {"uv": [5, 4, 7, 6], "texture": "#apple"},
				"south": {"uv": [7, 4, 5, 6], "texture": "#apple"}
			}
		}
	]
}