{
	"credit": "Made with Blockbench",
	"textures": {
		"particle": "coastercompat:block/passion_fruit_sorbet",
		"bowl": "coastercompat:block/passion_fruit_sorbet"
	},
	"elements": [
		{
			"from": [5, 0, 5],
			"to": [11, 4, 11],
			"rotation": {"angle": 0, "axis": "y", "origin": [5, 0, 5]},
			"faces": {
				"north": {"uv": [7, 5, 13, 9], "texture": "#bowl"},
				"east": {"uv": [7, 5, 13, 9], "texture": "#bowl"},
				"south": {"uv": [7, 5, 13, 9], "texture": "#bowl"},
				"west": {"uv": [7, 5, 13, 9], "texture": "#bowl"},
				"up": {"uv": [7, 10, 13, 16], "texture": "#bowl"},
				"down": {"uv": [0, 10, 6, 16], "texture": "#bowl"}
			}
		},
		{
			"from": [6, 4, 6],
			"to": [10, 6, 10],
			"rotation": {"angle": 0, "axis": "y", "origin": [5, 0, 5]},
			"faces": {
				"north": {"uv": [1, 2, 5, 4], "texture": "#bowl"},
				"east": {"uv": [1, 2, 5, 4], "texture": "#bowl"},
				"south": {"uv": [1, 2, 5, 4], "texture": "#bowl"},
				"west": {"uv": [1, 2, 5, 4], "texture": "#bowl"},
				"up": {"uv": [1, 5, 5, 9], "texture": "#bowl"}
			}
		},
		{
			"from": [7, 5, 7],
			"to": [9, 7, 9],
			"rotation": {"angle": 0, "axis": "y", "origin": [5, 0, 5]},
			"faces": {
				"north": {"uv": [7, 2, 9, 4], "texture": "#bowl"},
				"east": {"uv": [7, 2, 9, 4], "rotation": 90, "texture": "#bowl"},
				"south": {"uv": [9, 4, 7, 2], "texture": "#bowl"},
				"west": {"uv": [7, 4, 9, 2], "texture": "#bowl"},
				"up": {"uv": [7, 2, 9, 4], "rotation": 90, "texture": "#bowl"}
			}
		},
		{
			"from": [5, 6.01, 7],
			"to": [11, 6.01, 9],
			"rotation": {"angle": 0, "axis": "y", "origin": [8, 7, 8]},
			"faces": {
				"up": {"uv": [16, 1, 10, 3], "rotation": 180, "texture": "#bowl"},
				"down": {"uv": [10, 1, 16, 3], "texture": "#bowl"}
			}
		}
	]
}