{
	"credit": "Made with Blockbench",
	"textures": {
		"particle": "coastercompat:block/passion_fruit",
		"apple": "coastercompat:block/passion_fruit"
	},
	"elements": [
		{
			"from": [5.5, 0, 5.5],
			"to": [10.5, 5, 10.5],
			"rotation": {"angle": 0, "axis": "y", "origin": [8, 2.5, 8]},
			"faces": {
				"north": {"uv": [1, 7, 6, 12], "texture": "#apple"},
				"east": {"uv": [7, 7, 12, 12], "texture": "#apple"},
				"south": {"uv": [12, 7, 7, 12], "texture": "#apple"},
				"west": {"uv": [1, 7, 6, 12], "texture": "#apple"},
				"up": {"uv": [1, 1, 6, 6], "rotation": 90, "texture": "#apple"},
				"down": {"uv": [7, 1, 12, 6], "rotation": 270, "texture": "#apple"}
			}
		},
		{
			"from": [10.5, 5, 10.5],
			"to": [8.5, 0, 8.5],
			"rotation": {"angle": 0, "axis": "y", "origin": [8, 2.5, 8]},
			"faces": {
				"east": {"uv": [13, 12, 15, 7], "texture": "#apple"},
				"south": {"uv": [15, 6, 13, 1], "texture": "#apple"}
			}
		}
	]
}