{
	"credit": "Made with Blockbench",
	"textures": {
		"particle": "coastercompat:block/pomegranate_slice",
		"gourd": "coastercompat:block/pomegranate_slice"
	},
	"elements": [
		{
			"from": [5, 0, 5],
			"to": [11, 2, 11],
			"rotation": {"angle": 0, "axis": "y", "origin": [5, 0, 5]},
			"faces": {
				"north": {"uv": [6, 7, 0, 9], "texture": "#gourd"},
				"east": {"uv": [6, 13, 0, 15], "texture": "#gourd"},
				"south": {"uv": [0, 13, 6, 15], "texture": "#gourd"},
				"west": {"uv": [0, 10, 6, 12], "texture": "#gourd"},
				"up": {"uv": [0, 0, 6, 6], "texture": "#gourd"},
				"down": {"uv": [0, 6, 6, 0], "texture": "#gourd"}
			}
		}
	]
}