{
	"credit": "Made with Blockbench",
	"textures": {
		"particle": "coastercompat:block/pomegranate",
		"apple": "coastercompat:block/pomegranate"
	},
	"elements": [
		{
			"from": [5, 0, 5],
			"to": [11, 6, 11],
			"rotation": {"angle": 0, "axis": "y", "origin": [5.5, 0, 5.5]},
			"faces": {
				"north": {"uv": [1, 8, 7, 14], "texture": "#apple"},
				"east": {"uv": [1, 8, 7, 14], "texture": "#apple"},
				"south": {"uv": [1, 8, 7, 14], "texture": "#apple"},
				"west": {"uv": [1, 8, 7, 14], "texture": "#apple"},
				"up": {"uv": [1, 1, 7, 7], "texture": "#apple"},
				"down": {"uv": [8, 1, 14, 7], "texture": "#apple"}
			}
		},
		{
			"from": [7, 6, 7],
			"to": [9, 7, 9],
			"rotation": {"angle": 0, "axis": "y", "origin": [5.5, 0, 5.5]},
			"faces": {
				"north": {"uv": [11, 10, 13, 11], "texture": "#apple"},
				"east": {"uv": [11, 10, 13, 11], "texture": "#apple"},
				"south": {"uv": [11, 10, 13, 11], "texture": "#apple"},
				"west": {"uv": [9, 10, 11, 11], "texture": "#apple"}
			}
		},
		{
			"from": [9, 7, 9],
			"to": [7, 5, 7],
			"rotation": {"angle": 0, "axis": "y", "origin": [5.5, 0, 5.5]},
			"faces": {
				"north": {"uv": [9, 10, 11, 11], "texture": "#apple"},
				"east": {"uv": [11, 10, 13, 11], "texture": "#apple"},
				"south": {"uv": [9, 10, 11, 11], "texture": "#apple"},
				"west": {"uv": [11, 10, 13, 11], "texture": "#apple"}
			}
		}
	]
}