{
	"credit": "Made with Blockbench",
	"textures": {
		"particle": "coastercompat:block/pumpkin_bread",
		"bread": "coastercompat:block/pumpkin_bread"
	},
	"elements": [
		{
			"from": [5, 0, 6],
			"to": [11, 3, 11],
			"rotation": {"angle": 0, "axis": "y", "origin": [4, 0, 6]},
			"faces": {
				"north": {"uv": [15, 6, 9, 9], "texture": "#bread"},
				"east": {"uv": [1, 6, 6, 9], "texture": "#bread"},
				"south": {"uv": [9, 6, 15, 9], "texture": "#bread"},
				"west": {"uv": [1, 2, 6, 5], "texture": "#bread"},
				"up": {"uv": [9, 0, 15, 5], "texture": "#bread"},
				"down": {"uv": [9, 10, 15, 15], "texture": "#bread"}
			}
		}
	]
}