{
	"credit": "Made with Blockbench",
	"textures": {
		"particle": "coastercompat:block/roasted_adzuki_beans",
		"apple": "coastercompat:block/roasted_adzuki_beans"
	},
	"elements": [
		{
			"from": [5.5, 0, 5],
			"to": [7.5, 1, 8],
			"rotation": {"angle": -45, "axis": "y", "origin": [6.5, 0.5, 7]},
			"faces": {
				"north": {"uv": [1, 2, 3, 1], "texture": "#apple"},
				"east": {"uv": [12, 2, 9, 1], "rotation": 180, "texture": "#apple"},
				"south": {"uv": [5, 1, 7, 2], "rotation": 180, "texture": "#apple"},
				"west": {"uv": [12, 2, 9, 1], "rotation": 180, "texture": "#apple"},
				"up": {"uv": [1, 3, 4, 5], "rotation": 90, "texture": "#apple"},
				"down": {"uv": [5, 3, 8, 5], "rotation": 270, "texture": "#apple"}
			}
		},
		{
			"from": [9, 0, 6.5],
			"to": [11, 1, 9.5],
			"rotation": {"angle": 0, "axis": "y", "origin": [10, 0.5, 6.5]},
			"faces": {
				"north": {"uv": [1, 2, 3, 1], "texture": "#apple"},
				"east": {"uv": [12, 2, 9, 1], "rotation": 180, "texture": "#apple"},
				"south": {"uv": [5, 1, 7, 2], "rotation": 180, "texture": "#apple"},
				"west": {"uv": [12, 2, 9, 1], "rotation": 180, "texture": "#apple"},
				"up": {"uv": [1, 3, 4, 5], "rotation": 270, "texture": "#apple"},
				"down": {"uv": [5, 3, 8, 5], "rotation": 90, "texture": "#apple"}
			}
		},
		{
			"from": [5.5, 0, 9],
			"to": [8.5, 1, 11],
			"rotation": {"angle": 0, "axis": "y", "origin": [7, 0.5, 10.5]},
			"faces": {
				"north": {"uv": [12, 2, 9, 1], "rotation": 180, "texture": "#apple"},
				"east": {"uv": [5, 1, 7, 2], "rotation": 180, "texture": "#apple"},
				"south": {"uv": [12, 2, 9, 1], "rotation": 180, "texture": "#apple"},
				"west": {"uv": [1, 2, 3, 1], "texture": "#apple"},
				"up": {"uv": [1, 3, 4, 5], "texture": "#apple"},
				"down": {"uv": [5, 3, 8, 5], "texture": "#apple"}
			}
		}
	]
}