{
	"credit": "Made with Blockbench",
	"textures": {
		"particle": "coastercompat:block/spider_eye",
		"apple": "coastercompat:block/spider_eye"
	},
	"elements": [
		{
			"from": [7, 0, 5.5],
			"to": [10, 3, 8.5],
			"rotation": {"angle": 0, "axis": "y", "origin": [5.5, 0, 5.5]},
			"faces": {
				"north": {"uv": [1, 5, 4, 8], "texture": "#apple"},
				"east": {"uv": [4, 5, 1, 8], "texture": "#apple"},
				"south": {"uv": [4, 1, 1, 4], "texture": "#apple"},
				"west": {"uv": [1, 1, 4, 4], "texture": "#apple"},
				"up": {"uv": [1, 5, 4, 8], "rotation": 90, "texture": "#apple"},
				"down": {"uv": [5, 1, 8, 4], "rotation": 270, "texture": "#apple"}
			}
		},
		{
			"from": [6, 0.01, 8.5],
			"to": [8, 0.01, 10.5],
			"rotation": {"angle": 0, "axis": "x", "origin": [8, 5, 8]},
			"faces": {
				"up": {"uv": [5, 5, 7, 7], "rotation": 180, "texture": "#apple"},
				"down": {"uv": [7, 5, 5, 7], "texture": "#apple"}
			}
		}
	]
}