{
	"credit": "Made with Blockbench",
	"textures": {
		"particle": "coastercompat:block/strawberries",
		"apple": "coastercompat:block/strawberries"
	},
	"elements": [
		{
			"from": [5.5, 0, 4.5],
			"to": [9.5, 3, 7.5],
			"rotation": {"angle": 0, "axis": "y", "origin": [10.5, 0, 5.5]},
			"faces": {
				"north": {"uv": [6, 9, 10, 6], "rotation": 180, "texture": "#apple"},
				"east": {"uv": [6, 4, 9, 1], "rotation": 270, "texture": "#apple"},
				"south": {"uv": [6, 9, 10, 6], "rotation": 180, "texture": "#apple"},
				"west": {"uv": [4, 4, 1, 1], "rotation": 270, "texture": "#apple"},
				"up": {"uv": [5, 6, 1, 9], "rotation": 180, "texture": "#apple"},
				"down": {"uv": [15, 6, 11, 9], "rotation": 180, "texture": "#apple"}
			}
		},
		{
			"from": [9.5, 0.5, 5],
			"to": [10.5, 2.5, 7],
			"rotation": {"angle": 0, "axis": "y", "origin": [10.5, 0, 5.5]},
			"faces": {
				"north": {"uv": [13, 1, 15, 2], "rotation": 90, "texture": "#apple"},
				"east": {"uv": [10, 5, 12, 3], "rotation": 90, "texture": "#apple"},
				"south": {"uv": [13, 1, 15, 2], "rotation": 90, "texture": "#apple"},
				"up": {"uv": [12, 1, 10, 2], "rotation": 90, "texture": "#apple"},
				"down": {"uv": [15, 3, 14, 5], "rotation": 180, "texture": "#apple"}
			}
		},
		{
			"from": [5.5, 0.5, 9],
			"to": [6.5, 2.5, 11],
			"rotation": {"angle": 0, "axis": "y", "origin": [5.5, 0, 5.5]},
			"faces": {
				"north": {"uv": [13, 2, 15, 1], "rotation": 90, "texture": "#apple"},
				"south": {"uv": [13, 2, 15, 1], "rotation": 90, "texture": "#apple"},
				"west": {"uv": [10, 3, 12, 5], "rotation": 90, "texture": "#apple"},
				"up": {"uv": [12, 2, 10, 1], "rotation": 90, "texture": "#apple"},
				"down": {"uv": [14, 3, 15, 5], "rotation": 180, "texture": "#apple"}
			}
		},
		{
			"from": [6.5, 0, 8.5],
			"to": [10.5, 3, 11.5],
			"rotation": {"angle": 0, "axis": "z", "origin": [5.5, 0, 5.5]},
			"faces": {
				"north": {"uv": [6, 9, 10, 6], "rotation": 180, "texture": "#apple"},
				"east": {"uv": [1, 1, 4, 4], "rotation": 90, "texture": "#apple"},
				"south": {"uv": [6, 9, 10, 6], "rotation": 180, "texture": "#apple"},
				"west": {"uv": [6, 1, 9, 4], "rotation": 90, "texture": "#apple"},
				"up": {"uv": [1, 6, 5, 9], "rotation": 180, "texture": "#apple"},
				"down": {"uv": [11, 6, 15, 9], "rotation": 180, "texture": "#apple"}
			}
		}
	]
}