{
	"credit": "Made with Blockbench",
	"textures": {
		"particle": "coastercompat:block/sweet_roll",
		"apple": "coastercompat:block/sweet_roll"
	},
	"elements": [
		{
			"from": [5, 0, 5],
			"to": [11, 4, 11],
			"rotation": {"angle": 0, "axis": "y", "origin": [5.5, 0, 5.5]},
			"faces": {
				"north": {"uv": [0, 7, 6, 11], "texture": "#apple"},
				"east": {"uv": [6, 7, 0, 11], "texture": "#apple"},
				"south": {"uv": [0, 7, 6, 11], "texture": "#apple"},
				"west": {"uv": [6, 7, 0, 11], "texture": "#apple"},
				"up": {"uv": [0, 0, 6, 6], "texture": "#apple"},
				"down": {"uv": [7, 0, 13, 6], "texture": "#apple"}
			}
		}
	]
}