{
	"credit": "Made with Blockbench",
	"texture_size": [32, 32],
	"elements": [
		{
			"name": "base",
			"from": [3.5, 0, 6.5],
			"to": [12.5, 12, 9.5],
			"rotation": {"angle": 0, "axis": "y", "origin": [8, 6, 8]},
			"faces": {
				"north": {"uv": [7.5, 1.5, 12, 7.5], "texture": "#texture"},
				"east": {"uv": [6, 1.5, 7.5, 7.5], "texture": "#texture"},
				"south": {"uv": [1.5, 1.5, 6, 7.5], "texture": "#texture"},
				"west": {"uv": [0, 1.5, 1.5, 7.5], "texture": "#texture"},
				"up": {"uv": [6, 1.5, 1.5, 0], "rotation": 180, "texture": "#texture"},
				"down": {"uv": [6, 0, 10.5, 1.5], "rotation": 180, "texture": "#texture"}
			}
		},
		{
			"name": "outer",
			"from": [3.3, -0.2, 6.3],
			"to": [12.7, 12.2, 9.7],
			"rotation": {"angle": 0, "axis": "y", "origin": [8, 6, 8]},
			"faces": {
				"north": {"uv": [7.5, 9, 12, 15], "texture": "#texture"},
				"east": {"uv": [6, 9, 7.5, 15], "texture": "#texture"},
				"south": {"uv": [1.5, 9, 6, 15], "texture": "#texture"},
				"west": {"uv": [0, 9, 1.5, 15], "texture": "#texture"},
				"up": {"uv": [6, 9, 1.5, 7.5], "rotation": 180, "texture": "#texture"},
				"down": {"uv": [6, 7.5, 10.5, 9], "rotation": 180, "texture": "#texture"}
			}
		}
	]
}