{
	"credit": "Made with Blockbench",
	"textures": {
		"particle": "coastercompat:block/beetroot_soup",
		"bowl": "coastercompat:block/beetroot_soup"
	},
	"elements": [
		{
			"from": [5, 0, 5],
			"to": [11, 2, 11],
			"rotation": {"angle": 0, "axis": "y", "origin": [5, 0, 5]},
			"faces": {
				"north": {"uv": [0, 7, 6, 9], "texture": "#bowl"},
				"east": {"uv": [0, 7, 6, 9], "texture": "#bowl"},
				"south": {"uv": [0, 7, 6, 9], "texture": "#bowl"},
				"west": {"uv": [0, 7, 6, 9], "texture": "#bowl"},
				"up": {"uv": [0, 0, 6, 6], "texture": "#bowl"},
				"down": {"uv": [0, 10, 6, 16], "texture": "#bowl"}
			}
		}
	],
	"groups": [
		{
			"name": "main",
			"origin": [8, 8, 8],
			"color": 0,
			"children": [0]
		}
	]
}