{
	"credit": "Made with Blockbench",
	"textures": {
		"particle": "coastercompat:block/cod_roll",
		"food": "coastercompat:block/cod_roll"
	},
	"elements": [
		{
			"name": "cod roll 1",
			"from": [5.5, 0, 5.5],
			"to": [7.5, 2, 10.5],
			"faces": {
				"north": {"uv": [8, 6, 10, 8], "texture": "#food"},
				"east": {"uv": [10, 1, 15, 3], "texture": "#food"},
				"south": {"uv": [8, 6, 10, 8], "texture": "#food"},
				"west": {"uv": [10, 1, 15, 3], "texture": "#food"},
				"up": {"uv": [8, 1, 10, 6], "texture": "#food"},
				"down": {"uv": [8, 1, 10, 6], "texture": "#food"}
			}
		},
		{
			"name": "cod roll 2",
			"from": [8.5, 0, 5.5],
			"to": [10.5, 2, 10.5],
			"faces": {
				"north": {"uv": [8, 6, 10, 8], "texture": "#food"},
				"east": {"uv": [10, 1, 15, 3], "texture": "#food"},
				"south": {"uv": [8, 6, 10, 8], "texture": "#food"},
				"west": {"uv": [10, 1, 15, 3], "texture": "#food"},
				"up": {"uv": [8, 1, 10, 6], "texture": "#food"},
				"down": {"uv": [8, 1, 10, 6], "texture": "#food"}
			}
		}
	]
}