{
	"credit": "Made with Blockbench",
	"textures": {
		"0": "coastercompat:block/kelp_roll_slice",
		"particle": "coastercompat:block/kelp_roll_slice"
	},
	"elements": [
		{
			"name": "kelp roll 1",
			"from": [6.5, 0, 6.5],
			"to": [9.5, 3, 9.5],
			"faces": {
				"north": {"uv": [1, 1, 4, 4], "texture": "#0"},
				"east": {"uv": [1, 1, 4, 4], "texture": "#0"},
				"south": {"uv": [1, 1, 4, 4], "texture": "#0"},
				"west": {"uv": [1, 1, 4, 4], "texture": "#0"},
				"up": {"uv": [5, 1, 8, 4], "texture": "#0"},
				"down": {"uv": [5, 1, 8, 4], "texture": "#0"}
			}
		}
	]
}