{
	"credit": "Made with Blockbench",
	"textures": {
		"0": "coastercompat:block/kelp_roll",
		"particle": "coastercompat:block/kelp_roll"
	},
	"elements": [
		{
			"name": "kelp roll 1",
			"from": [6.5, 0, 4.5],
			"to": [9.5, 3, 11.5],
			"rotation": {"angle": 0, "axis": "x", "origin": [8, 1.5, 8]},
			"faces": {
				"north": {"uv": [5, 1, 8, 4], "rotation": 180, "texture": "#0"},
				"east": {"uv": [1, 1, 4, 8], "rotation": 90, "texture": "#0"},
				"south": {"uv": [5, 1, 8, 4], "texture": "#0"},
				"west": {"uv": [1, 1, 4, 8], "rotation": 270, "texture": "#0"},
				"up": {"uv": [1, 1, 4, 8], "texture": "#0"},
				"down": {"uv": [1, 1, 4, 8], "rotation": 180, "texture": "#0"}
			}
		}
	]
}