{
	"credit": "Made with Blockbench",
	"textures": {
		"particle": "coastercompat:block/salmon_roll",
		"food": "coastercompat:block/salmon_roll"
	},
	"elements": [
		{
			"name": "salmon roll 1",
			"from": [5.5, 0, 5.5],
			"to": [7.5, 2, 10.5],
			"faces": {
				"north": {"uv": [1, 6, 3, 8], "texture": "#food"},
				"east": {"uv": [3, 1, 8, 3], "texture": "#food"},
				"south": {"uv": [1, 6, 3, 8], "texture": "#food"},
				"west": {"uv": [3, 1, 8, 3], "texture": "#food"},
				"up": {"uv": [1, 1, 3, 6], "texture": "#food"},
				"down": {"uv": [1, 1, 3, 6], "texture": "#food"}
			}
		},
		{
			"name": "salmon roll 2",
			"from": [8.5, 0, 5.5],
			"to": [10.5, 2, 10.5],
			"faces": {
				"north": {"uv": [1, 6, 3, 8], "texture": "#food"},
				"east": {"uv": [3, 1, 8, 3], "texture": "#food"},
				"south": {"uv": [1, 6, 3, 8], "texture": "#food"},
				"west": {"uv": [3, 1, 8, 3], "texture": "#food"},
				"up": {"uv": [1, 1, 3, 6], "texture": "#food"},
				"down": {"uv": [1, 1, 3, 6], "texture": "#food"}
			}
		}
	]
}