{
	"credit": "Made by Farcr",
	"parent": "block/block",
	"textures": {
		"2": "create:item/goggles_model"
	},
	"elements": [
		{
			"name": "strap",
			"from": [3.49, 5.39, 3.49],
			"to": [12.51, 7.41, 12.51],
			"rotation": {"angle": 0, "axis": "x", "origin": [8, 5, 3.5]},
			"faces": {
				"north": {"uv": [0, 8, 9, 10], "texture": "#2"},
				"east": {"uv": [0, 14, 9, 16], "texture": "#2"},
				"south": {"uv": [0, 11, 9, 13], "texture": "#2"},
				"west": {"uv": [0, 14, 9, 16], "texture": "#2"}
			}
		},
		{
			"name": "frame",
			"from": [4.5, 4.6, 3],
			"to": [7.5, 7.6, 4],
			"faces": {
				"east": {"uv": [4, 1, 5, 4], "texture": "#2"},
				"west": {"uv": [0, 1, 1, 4], "texture": "#2"},
				"up": {"uv": [1, 0, 4, 1], "texture": "#2"},
				"down": {"uv": [1, 4, 4, 5], "texture": "#2"}
			}
		},
		{
			"name": "frame_inner",
			"from": [7.5, 7.6, 4],
			"to": [4.5, 4.6, 3],
			"faces": {
				"east": {"uv": [0, 1, 1, 4], "rotation": 180, "texture": "#2"},
				"west": {"uv": [4, 1, 5, 4], "rotation": 180, "texture": "#2"},
				"up": {"uv": [1, 4, 4, 5], "rotation": 180, "texture": "#2"},
				"down": {"uv": [1, 0, 4, 1], "rotation": 180, "texture": "#2"}
			}
		},
		{
			"from": [4.5, 4.6, 3],
			"to": [7.5, 7.6, 3],
			"faces": {
				"north": {"uv": [10, 0, 13, 3], "texture": "#2"},
				"east": {"uv": [0, 0, 0, 3], "texture": "#2"},
				"south": {"uv": [6, 0, 9, 3], "texture": "#2"},
				"west": {"uv": [0, 0, 0, 3], "texture": "#2"},
				"up": {"uv": [0, 0, 3, 0], "texture": "#2"},
				"down": {"uv": [0, 0, 3, 0], "texture": "#2"}
			}
		},
		{
			"name": "frame",
			"from": [8.5, 4.6, 3],
			"to": [11.5, 7.6, 4],
			"faces": {
				"east": {"uv": [4, 1, 5, 4], "texture": "#2"},
				"west": {"uv": [0, 1, 1, 4], "texture": "#2"},
				"up": {"uv": [1, 0, 4, 1], "texture": "#2"},
				"down": {"uv": [1, 4, 4, 5], "texture": "#2"}
			}
		},
		{
			"name": "frame_inner",
			"from": [11.5, 7.6, 4],
			"to": [8.5, 4.6, 3],
			"faces": {
				"east": {"uv": [0, 1, 1, 4], "rotation": 180, "texture": "#2"},
				"west": {"uv": [4, 1, 5, 4], "rotation": 180, "texture": "#2"},
				"up": {"uv": [1, 4, 4, 5], "rotation": 180, "texture": "#2"},
				"down": {"uv": [1, 0, 4, 1], "rotation": 180, "texture": "#2"}
			}
		},
		{
			"from": [8.5, 4.6, 3],
			"to": [11.5, 7.6, 3],
			"faces": {
				"north": {"uv": [6, 0, 9, 3], "texture": "#2"},
				"east": {"uv": [0, 0, 0, 3], "texture": "#2"},
				"south": {"uv": [6, 0, 9, 3], "texture": "#2"},
				"west": {"uv": [0, 0, 0, 3], "texture": "#2"},
				"up": {"uv": [0, 0, 3, 0], "texture": "#2"},
				"down": {"uv": [0, 0, 3, 0], "texture": "#2"}
			}
		}
	],
	"display": {
		"thirdperson_righthand": {
			"rotation": [75, 45, 0],
			"translation": [0, 2.5, 1.5],
			"scale": [0.375, 0.375, 0.375]
		},
		"thirdperson_lefthand": {
			"rotation": [75, 45, 0],
			"translation": [0, 2.5, 1.5],
			"scale": [0.375, 0.375, 0.375]
		},
		"firstperson_righthand": {
			"rotation": [0, 45, 0],
			"scale": [0.4, 0.4, 0.4]
		},
		"firstperson_lefthand": {
			"rotation": [0, 225, 0],
			"scale": [0.4, 0.4, 0.4]
		},
		"ground": {
			"translation": [0, 1.25, 0],
			"scale": [0.5, 0.5, 0.5]
		},
		"gui": {
			"rotation": [21, -180, 0],
			"translation": [0, 3, 0],
			"scale": [1.5, 1.5, 1.5]
		},
		"head": {
			"translation": [0, 6.4, 0],
			"scale": [1.6, 1.6, 1.6]
		},
		"fixed": {
			"translation": [0, 1.5, 4]
		}
	}
}